<?xml version="1.0"?>
<presentation title="Unit8__Topic1__SectionD__参考课件" width="720.0000000" height="540.0000000" thmbWidth="0.0000000" thmbHeight="0.0000000" frameRate="24.0000000" looping="0" startingSlideShow="" pptVersion="2007" type="compound" hasExternalAudio="0" uid="{099A2C62-5C8A-4901-86DF-99B3EBF84D72}">
	<presenters/>
	<references/>
	<soundAssets/>
	<sharedAssetsLibrary src="assets.swf"/>
	<graphicAssets/>
	<playlists/>
	<narration/>
	<settings>
		<navigation>
			<keyboard enabled="1">
				<actions>
					<action name="playPause">
						<shortcut code="32" control="0" shift="0"/>
					</action>
					<action name="nextSlide">
						<shortcut code="34" control="0" shift="0"/>
					</action>
					<action name="previousSlide">
						<shortcut code="33" control="0" shift="0"/>
					</action>
					<action name="nextStep">
						<shortcut code="13" control="0" shift="0"/>
					</action>
					<action name="previousStep">
						<shortcut code="13" control="0" shift="1"/>
					</action>
					<action name="firstSlide">
						<shortcut code="36" control="1" shift="0"/>
					</action>
					<action name="lastSlide">
						<shortcut code="35" control="1" shift="0"/>
					</action>
					<action name="lastViewedSlide">
						<shortcut code="8" control="0" shift="0"/>
					</action>
					<action name="slideStart">
						<shortcut code="36" control="0" shift="0"/>
					</action>
					<action name="slideEnd">
						<shortcut code="35" control="0" shift="0"/>
					</action>
					<action name="seekForward">
						<shortcut code="39" control="0" shift="0"/>
					</action>
					<action name="seekBackward">
						<shortcut code="37" control="0" shift="0"/>
					</action>
					<action name="volumeUp">
						<shortcut code="38" control="0" shift="0"/>
					</action>
					<action name="volumeDown">
						<shortcut code="40" control="0" shift="0"/>
					</action>
					<action name="toggleFullscreen">
						<shortcut code="70" control="1" shift="0"/>
					</action>
				</actions>
			</keyboard>
			<mouse enabled="1" target="step"/>
			<gesture zoom="1"/>
		</navigation>
		<appearance fullScreen="1" showSlidePreloader="1"/>
		<playback autoStart="1" syncWithVideoNarration="1" enableVideoControl="1" resumePresentationPlayback="never"/>
	</settings>
	<slides embedded="0">
		<slide index="0" title="" titleNormalized="" src="slide1.swf" size="8853" advanceOnTime="0" framesCount="213" hasEmbeddedFlashClip="0" hidden="0" level="0" advanceOnClick="1" thumbnailAssetId="">
			<sounds/>
			<videos/>
			<transitionEffect name="FadeThroughBlack" duration="0.5000000" soundId="" looped="0"/>
			<soundCommands/>
			<videoCommands/>
			<animationSteps>
				<step start="0" end="212" playTime="8.8333333" pauseTime="0.0000000"/>
			</animationSteps>
			<notes/>
			<notesNormalized/>
			<notesHtml/>
			<text>Unit8 Topic 1 
How is the weather in winter?

Section D
第一PPT模板网-WWW.1PPT.COM</text>
		</slide>
		<slide index="1" title="" titleNormalized="" src="slide2.swf" size="5231" advanceOnTime="0" framesCount="1" hasEmbeddedFlashClip="0" hidden="0" level="0" advanceOnClick="1" thumbnailAssetId="">
			<sounds/>
			<videos/>
			<transitionEffect name="ShapeCircle" duration="0.5000000" soundId="" looped="0"/>
			<soundCommands/>
			<videoCommands/>
			<animationSteps>
				<step start="0" end="0" playTime="0.0010000" pauseTime="0.0000000"/>
			</animationSteps>
			<notes/>
			<notesNormalized/>
			<notesHtml/>
			<text>A:What season is it now ? 
B:It's summer.
A:Which season do you like best? 
B:I like winter best.
A:Why? 
B:Because I can make snowmen.
Pair work</text>
		</slide>
		<slide index="2" title="" titleNormalized="" src="slide3.swf" size="1119165" advanceOnTime="0" framesCount="137" hasEmbeddedFlashClip="0" hidden="0" level="0" advanceOnClick="1" thumbnailAssetId="">
			<sounds/>
			<videos/>
			<transitionEffect name="CoverRightDown" duration="0.5000000" soundId="" looped="0"/>
			<soundCommands/>
			<videoCommands/>
			<animationSteps>
				<step start="0" end="12" playTime="0.5000000"/>
				<step start="13" end="61" playTime="2.0000000"/>
				<step start="62" end="74" playTime="0.5000000"/>
				<step start="75" end="123" playTime="2.0000000"/>
				<step start="124" end="136" playTime="0.5000000" pauseTime="0.0000000"/>
			</animationSteps>
			<notes/>
			<notesNormalized/>
			<notesHtml/>
			<text>Spring
return in March
get warm
come back to life
a wonderful season
fly kites
...
Describe the four seasons in China.
Summer
 begin in June
 hot
 rain heavily
 go swimming
 ...</text>
		</slide>
		<slide index="3" title="" titleNormalized="" src="slide4.swf" size="74311" advanceOnTime="0" framesCount="27" hasEmbeddedFlashClip="0" hidden="0" level="0" advanceOnClick="1" thumbnailAssetId="">
			<sounds/>
			<videos/>
			<transitionEffect name="RandomBarsVertical" duration="0.5000000" soundId="" looped="0"/>
			<soundCommands/>
			<videoCommands/>
			<animationSteps>
				<step start="0" end="0" playTime="0.0010000"/>
				<step start="1" end="13" playTime="0.4990000"/>
				<step start="14" end="26" playTime="0.5000000" pauseTime="0.0000000"/>
			</animationSteps>
			<notes>PPT模板：www.1ppt.com/moban/                  PPT素材：www.1ppt.com/sucai/
PPT背景：www.1ppt.com/beijing/                   PPT图表：www.1ppt.com/tubiao/      
PPT下载：www.1ppt.com/xiazai/                     PPT教程： www.1ppt.com/powerpoint/      
资料下载：www.1ppt.com/ziliao/                   范文下载：www.1ppt.com/fanwen/             
试卷下载：www.1ppt.com/shiti/                     教案下载：www.1ppt.com/jiaoan/               
PPT论坛：www.1ppt.cn                                      PPT课件：www.1ppt.com/kejian/ 
语文课件：www.1ppt.com/kejian/yuwen/    数学课件：www.1ppt.com/kejian/shuxue/ 
英语课件：www.1ppt.com/kejian/yingyu/    美术课件：www.1ppt.com/kejian/meishu/ 
科学课件：www.1ppt.com/kejian/kexue/     物理课件：www.1ppt.com/kejian/wuli/ 
化学课件：www.1ppt.com/kejian/huaxue/  生物课件：www.1ppt.com/kejian/shengwu/ 
地理课件：www.1ppt.com/kejian/dili/          历史课件：www.1ppt.com/kejian/lishi/  </notes>
			<notesNormalized>ppt模板：www.1ppt.com/moban/ ppt素材：www.1ppt.com/sucai/
ppt背景：www.1ppt.com/beijing/ ppt图表：www.1ppt.com/tubiao/ 
ppt下载：www.1ppt.com/xiazai/ ppt教程： www.1ppt.com/powerpoint/ 
资料下载：www.1ppt.com/ziliao/ 范文下载：www.1ppt.com/fanwen/ 
试卷下载：www.1ppt.com/shiti/ 教案下载：www.1ppt.com/jiaoan/ 
ppt论坛：www.1ppt.cn ppt课件：www.1ppt.com/kejian/ 
语文课件：www.1ppt.com/kejian/yuwen/ 数学课件：www.1ppt.com/kejian/shuxue/ 
英语课件：www.1ppt.com/kejian/yingyu/ 美术课件：www.1ppt.com/kejian/meishu/ 
科学课件：www.1ppt.com/kejian/kexue/ 物理课件：www.1ppt.com/kejian/wuli/ 
化学课件：www.1ppt.com/kejian/huaxue/ 生物课件：www.1ppt.com/kejian/shengwu/ 
地理课件：www.1ppt.com/kejian/dili/ 历史课件：www.1ppt.com/kejian/lishi/</notesNormalized>
			<notesHtml>&lt;p&gt;&lt;font size="12" color="#4a452a"&gt;PPT模板：www.1ppt.com/moban/                  PPT素材：www.1ppt.com/sucai/&lt;/font&gt;&lt;/p&gt;&lt;p&gt;&lt;font size="12" color="#4a452a"&gt;PPT背景：www.1ppt.com/beijing/                   PPT图表：www.1ppt.com/tubiao/      &lt;/font&gt;&lt;/p&gt;&lt;p&gt;&lt;font size="12" color="#4a452a"&gt;PPT下载：www.1ppt.com/xiazai/                     PPT教程： www.1ppt.com/powerpoint/      &lt;/font&gt;&lt;/p&gt;&lt;p&gt;&lt;font size="12" color="#4a452a"&gt;资料下载：www.1ppt.com/ziliao/                   范文下载：www.1ppt.com/fanwen/             &lt;/font&gt;&lt;/p&gt;&lt;p&gt;&lt;font size="12" color="#4a452a"&gt;试卷下载：www.1ppt.com/shiti/                     教案下载：www.1ppt.com/jiaoan/               &lt;/font&gt;&lt;/p&gt;&lt;p&gt;&lt;font size="12" color="#4a452a"&gt;PPT论坛：www.1ppt.cn                                      PPT课件：www.1ppt.com/kejian/ &lt;/font&gt;&lt;/p&gt;&lt;p&gt;&lt;font size="12" color="#4a452a"&gt;语文课件：www.1ppt.com/kejian/yuwen/    数学课件：www.1ppt.com/kejian/shuxue/ &lt;/font&gt;&lt;/p&gt;&lt;p&gt;&lt;font size="12" color="#4a452a"&gt;英语课件：www.1ppt.com/kejian/yingyu/    美术课件：www.1ppt.com/kejian/meishu/ &lt;/font&gt;&lt;/p&gt;&lt;p&gt;&lt;font size="12" color="#4a452a"&gt;科学课件：www.1ppt.com/kejian/kexue/     物理课件：www.1ppt.com/kejian/wuli/ &lt;/font&gt;&lt;/p&gt;&lt;p&gt;&lt;font size="12" color="#4a452a"&gt;化学课件：www.1ppt.com/kejian/huaxue/  生物课件：www.1ppt.com/kejian/shengwu/ &lt;/font&gt;&lt;/p&gt;&lt;p&gt;&lt;font size="12" color="#4a452a"&gt;地理课件：www.1ppt.com/kejian/dili/          历史课件：www.1ppt.com/kejian/lishi/  &lt;/font&gt;&lt;/p&gt;</notesHtml>
			<text>Fall
 come after summer
 harvest season
 cool
 leaves fall
Winter
last from December to February 
cold
wear warm clothes
wind blows strongly
ice or snow</text>
		</slide>
		<slide index="4" title="" titleNormalized="" src="slide5.swf" size="131234" advanceOnTime="0" framesCount="105" hasEmbeddedFlashClip="0" hidden="0" level="0" advanceOnClick="1" thumbnailAssetId="">
			<sounds/>
			<videos/>
			<transitionEffect name="UncoverRight" duration="0.5000000" soundId="" looped="0"/>
			<soundCommands/>
			<videoCommands/>
			<animationSteps>
				<step start="0" end="0" playTime="0.0010000"/>
				<step start="1" end="13" playTime="0.4990000"/>
				<step start="14" end="26" playTime="0.5000000"/>
				<step start="27" end="39" playTime="0.5000000"/>
				<step start="40" end="52" playTime="0.5000000"/>
				<step start="53" end="65" playTime="0.5000000"/>
				<step start="66" end="78" playTime="0.5000000"/>
				<step start="79" end="91" playTime="0.5000000"/>
				<step start="92" end="104" playTime="0.5000000" pauseTime="0.0000000"/>
			</animationSteps>
			<notes/>
			<notesNormalized/>
			<notesHtml/>
			<text>Functions
________the weather like in spring?
________the weather like in spring?
It's warm. It's a good season _____ flying kites.
It's warm. It's a good season _____ flying kites.
______is the weather in fall?
______is the weather in fall?
It's cool. It's a good time______ climb hills.
It's cool. It's a good time______ climb hills.
________ season do you like best, spring, summer, fall or winter?
________ season do you like best, spring, summer, fall or winter?
I like summber best/It's hard to say.
I like summber best/It's hard to say.
How are things going?
Things are going very well.
________the temperature?
It is between -8℃______ -2℃ .
You'd ______ know about the weather in different places in August.
You'd ______ know about the weather in different places in August.
What's
for
How
to
Which
What's
and
better</text>
		</slide>
		<slide index="5" title="" titleNormalized="" src="slide6.swf" size="46930" advanceOnTime="0" framesCount="75" hasEmbeddedFlashClip="0" hidden="0" level="0" advanceOnClick="1" thumbnailAssetId="">
			<sounds/>
			<videos/>
			<transitionEffect name="CoverRight" duration="0.5000000" soundId="" looped="0"/>
			<soundCommands/>
			<videoCommands/>
			<animationSteps>
				<step start="0" end="12" playTime="0.5000000"/>
				<step start="13" end="25" playTime="0.5000000"/>
				<step start="26" end="74" playTime="2.0000000" pauseTime="0.0000000"/>
			</animationSteps>
			<notes/>
			<notesNormalized/>
			<notesHtml/>
			<text>Present Simple ＆ Past Simple 
I liked winter before, but now I like summer best.
It is rainy today. But it was sunny and warm yesterday.
Word Formation 
Word Formation 
cloudy rainy snowy
 brightly strongly
windy foggy sunny
 suddenly heavily
Grammar
 Understanding word formation helps you remember words more effectively.</text>
		</slide>
		<slide index="6" title="" titleNormalized="" src="slide7.swf" size="127412" advanceOnTime="0" framesCount="79" hasEmbeddedFlashClip="0" hidden="0" level="0" advanceOnClick="1" thumbnailAssetId="">
			<sounds/>
			<videos/>
			<transitionEffect name="UncoverDown" duration="0.5000000" soundId="" looped="0"/>
			<soundCommands/>
			<videoCommands/>
			<animationSteps>
				<step start="0" end="0" playTime="0.0010000"/>
				<step start="1" end="13" playTime="0.4990000"/>
				<step start="14" end="26" playTime="0.5000000"/>
				<step start="27" end="39" playTime="0.5000000"/>
				<step start="40" end="52" playTime="0.5000000"/>
				<step start="53" end="65" playTime="0.5000000"/>
				<step start="66" end="78" playTime="0.5000000" pauseTime="0.0000000"/>
			</animationSteps>
			<notes/>
			<notesNormalized/>
			<notesHtml/>
			<text>a.sunglasses
b.warm clothes
c.shorts
d.hat
e.an umbrella
f.T-shirts
g.shoes
wear
Choose words which can go together with the one in the middle.
a
b
c
d
f
g</text>
		</slide>
		<slide index="7" title="" titleNormalized="" src="slide8.swf" size="32807" advanceOnTime="0" framesCount="417" hasEmbeddedFlashClip="0" hidden="0" level="0" advanceOnClick="1" thumbnailAssetId="">
			<sounds/>
			<videos/>
			<transitionEffect name="CombHorizontal" duration="0.5000000" soundId="" looped="0"/>
			<soundCommands/>
			<videoCommands/>
			<animationSteps>
				<step start="0" end="24" playTime="1.0000000"/>
				<step start="25" end="73" playTime="2.0000000"/>
				<step start="74" end="122" playTime="2.0000000"/>
				<step start="123" end="171" playTime="2.0000000"/>
				<step start="172" end="220" playTime="2.0000000"/>
				<step start="221" end="269" playTime="2.0000000"/>
				<step start="270" end="318" playTime="2.0000000"/>
				<step start="319" end="367" playTime="2.0000000"/>
				<step start="368" end="416" playTime="2.0000000" pauseTime="0.0000000"/>
			</animationSteps>
			<notes/>
			<notesNormalized/>
			<notesHtml/>
			<text>Infinitive
 Past form
see
 met
eat
 began
learn
go
took
fly
saw
meet
begin
ate
learned
went
take
flew
Complete the form to review the past forms of verbs.</text>
		</slide>
		<slide index="8" title="" titleNormalized="" src="slide9.swf" size="16584" advanceOnTime="0" framesCount="294" hasEmbeddedFlashClip="0" hidden="0" level="0" advanceOnClick="1" thumbnailAssetId="">
			<sounds/>
			<videos/>
			<transitionEffect name="Wheel2Spokes" duration="0.5000000" soundId="" looped="0"/>
			<soundCommands/>
			<videoCommands/>
			<animationSteps>
				<step start="0" end="120" playTime="5.0000000"/>
				<step start="121" end="140" playTime="0.7916667"/>
				<step start="141" end="157" playTime="0.6666667"/>
				<step start="158" end="172" playTime="0.5833333"/>
				<step start="173" end="189" playTime="0.6666667"/>
				<step start="190" end="209" playTime="0.7916667"/>
				<step start="210" end="224" playTime="0.5833333"/>
				<step start="225" end="239" playTime="0.5833333"/>
				<step start="240" end="256" playTime="0.6666667"/>
				<step start="257" end="275" playTime="0.7500000"/>
				<step start="276" end="293" playTime="0.7083333" pauseTime="0.0000000"/>
			</animationSteps>
			<notes/>
			<notesNormalized/>
			<notesHtml/>
			<text>Complete the letter with the proper forms of the given verbs. 
 Dear Mom,
 I am happy here. My classmates are all kind to me. The weather in summer is usually nice. But sometimes it__________(change) a lot.
 Last Saturday, it was fine and bright in the morning. My friends and I_______(go) to Beihai Park by bus.We got there early.We took a walk in the park and_______(see ) some old people performing Beijing Opera.Then we ______(fly) kites and ________(climb) hills. At about 12 o’clock, It was hot. We ____(eat)some food and_______(have) a short rest there. After lunch, we______(take) some pictures. But later on, it_______(turn) windy and cloudy. So we went home right away. It________(begin) to rain when we got back home. We enjoyed ourselves.
 I hope all is well with you. 
 Yours, 
 Michael



changes
went
saw
climbed
flew
ate
had
took
turned
began</text>
		</slide>
		<slide index="9" title="" titleNormalized="" src="slide10.swf" size="5391" advanceOnTime="0" framesCount="1" hasEmbeddedFlashClip="0" hidden="0" level="0" advanceOnClick="1" thumbnailAssetId="">
			<sounds/>
			<videos/>
			<transitionEffect name="" duration="0.0000000" soundId="" looped="0"/>
			<soundCommands/>
			<videoCommands/>
			<animationSteps>
				<step start="0" end="0" playTime="0.0010000" pauseTime="0.0000000"/>
			</animationSteps>
			<notes/>
			<notesNormalized/>
			<notesHtml/>
			<text>Project 
Talking about seasons 

We have many ways to show seasons. Here are some of them. You may share with the class.
Draw a picture, sing a song, recite a poem or chant about seasons.
Talk about the weather in the season.
Talk about the clothes to wear for the season.
Talk about some kinds of activities in the season.</text>
		</slide>
		<slide index="10" title="" titleNormalized="" src="slide11.swf" size="15330" advanceOnTime="0" framesCount="13" hasEmbeddedFlashClip="0" hidden="0" level="0" advanceOnClick="1" thumbnailAssetId="">
			<sounds/>
			<videos/>
			<transitionEffect name="Newsflash" duration="0.5000000" soundId="" looped="0"/>
			<soundCommands/>
			<videoCommands/>
			<animationSteps>
				<step start="0" end="12" playTime="0.5000000" pauseTime="0.0000000"/>
			</animationSteps>
			<notes/>
			<notesNormalized/>
			<notesHtml/>
			<text>Summary
1.Review Present Simple and Past Simple. 
2.Review the Word Formation. 
3.Talk about the traveling experiences.
4.Useful phrases or sentences:
 change a lot, see sb. doing sth. right away=right now=at once,
 enjoy oneself=have a good time, at noon
 I hope all is well with you.</text>
		</slide>
		<slide index="11" title="" titleNormalized="" src="slide12.swf" size="42060" advanceOnTime="0" framesCount="83" hasEmbeddedFlashClip="0" hidden="0" level="0" advanceOnClick="1" thumbnailAssetId="">
			<sounds/>
			<videos/>
			<transitionEffect name="CoverRightDown" duration="0.5000000" soundId="" looped="0"/>
			<soundCommands/>
			<videoCommands/>
			<animationSteps>
				<step start="0" end="82" playTime="3.4166667" pauseTime="0.0000000"/>
			</animationSteps>
			<notes/>
			<notesNormalized/>
			<notesHtml/>
			<text>
Read 2a, and then recite it.

2. Finish Section D in your workbook.

Homework</text>
		</slide>
	</slides>
</presentation>
